id,year,sampling_date,previous_crop,growth_stage,lat,lon,disease,intensity
1,2013,2013-11-13,soybean,02,-35.3527,-63.1422,STEM_CANKER,NO_REGISTER
2,2013,2013-11-13,soybean,02,-35.3843,-63.1,STEM_CANKER,NO_REGISTER
3,2013,2013-11-29,soybean,03,-36.5036,-62.1922,STEM_CANKER,NO_REGISTER
4,2013,2013-12-05,"NA",02,-36.5826,-57.2726,STEM_CANKER,NO_REGISTER
5,2013,2013-12-05,"NA",02,-37.1386,-57.3123,STEM_CANKER,NO_REGISTER
6,2013,2013-12-10,wheat,10,-37.4262,-61.8611,STEM_CANKER,ABSENT
7,2013,2013-12-16,"NA",10,-38.6085,-60.1583,STEM_CANKER,ABSENT
8,2013,2013-12-18,wheat,10,-38.3206,-60.241,STEM_CANKER,ABSENT
9,2014,2014-01-14,"NA",16,-36.8886,-57.7616,STEM_CANKER,ABSENT
10,2014,2014-01-14,"NA",16,-36.9377,-57.763,STEM_CANKER,ABSENT
11,2014,2014-01-14,"NA",15,-37.0969,-58.0116,STEM_CANKER,ABSENT
12,2014,2014-01-16,"NA",16,-36.0733,-61.8071,STEM_CANKER,ABSENT
13,2014,2014-01-20,wheat,15,-34.4534,-60.5639,STEM_CANKER,ABSENT
14,2014,2014-01-20,corn,15,-38.4746,-58.4198,STEM_CANKER,LOW
15,2014,2014-01-21,wheat,12,-35.9684,-62.7333,STEM_CANKER,NO_REGISTER
16,2014,2014-01-21,soybean,15,-36.4931,-62.5096,STEM_CANKER,ABSENT
17,2014,2014-01-22,soybean,16,-35.0333,-63.0167,STEM_CANKER,NO_REGISTER
18,2014,2014-01-26,corn,17,-37.3167,-59.1333,STEM_CANKER,NO_REGISTER
19,2014,2014-01-27,soybean,16,-35.5829,-59.1756,STEM_CANKER,NO_REGISTER
20,2014,2014-01-27,wheat,16,-36.5746,-59.2236,STEM_CANKER,NO_REGISTER
21,2014,2014-01-27,soybean,15,-37.6808,-58.4117,STEM_CANKER,NO_REGISTER
22,2014,2014-01-27,"NA",14,-38.0529,-58.4428,STEM_CANKER,NO_REGISTER
23,2014,2014-01-28,corn,16,-37.4,-58.4131,STEM_CANKER,NO_REGISTER
24,2014,2014-01-29,corn,16,-35.6124,-63.3691,STEM_CANKER,NO_REGISTER
25,2014,2014-01-29,corn,16,-38.3312,-58.5074,STEM_CANKER,NO_REGISTER
26,2014,2014-01-30,corn,15,-35.8088,-62.9434,STEM_CANKER,LOW
27,2014,2014-01-30,wheat,16,-38.4244,-60.8779,STEM_CANKER,NO_REGISTER
28,2014,2014-02-03,wheat,16,-37.1493,-62.737,STEM_CANKER,ABSENT
29,2014,2014-02-04,"NA",17,-36.6803,-62.7228,STEM_CANKER,ABSENT
30,2014,2014-02-06,"NA",17,-35.0528,-62.9053,STEM_CANKER,ABSENT
31,2014,2014-02-06,soybean,16,-35.6124,-63.3691,STEM_CANKER,MEDIUM
32,2014,2014-02-06,"NA",17,-35.964,-58.1092,STEM_CANKER,ABSENT
33,2014,2014-02-07,"NA",17,-36.4148,-63.3631,STEM_CANKER,ABSENT
34,2014,2014-02-10,soybean,17,-35.7218,-63.0538,STEM_CANKER,LOW
35,2014,2014-02-10,"NA",16,-37.1559,-57.0534,STEM_CANKER,ABSENT
36,2014,2014-02-10,wheat,16,-37.4262,-61.8611,STEM_CANKER,LOW
37,2014,2014-02-12,"NA",15,-36.02,-62.1027,STEM_CANKER,ABSENT
38,2014,2014-02-15,wheat,17,-37.7636,-58.3107,STEM_CANKER,ABSENT
39,2014,2014-02-16,wheat,16,-37,-62,STEM_CANKER,NO_REGISTER
40,2014,2014-02-17,wheat,16,-34.4534,-60.5639,STEM_CANKER,LOW
41,2014,2014-02-19,"NA",17,-37.8348,-61.7794,STEM_CANKER,ABSENT
42,2014,2014-02-20,wheat,17,-38.3206,-60.241,STEM_CANKER,ABSENT
43,2014,2014-12-02,"NA",10,-37.1559,-57.0534,STEM_CANKER,ABSENT
44,2014,2014-12-04,"NA",03,-37.2957,-61.1565,STEM_CANKER,NO_REGISTER
45,2014,2014-12-05,"NA",02,-37.5618,-60.8609,STEM_CANKER,NO_REGISTER
46,2014,2014-12-09,soybean,NO,-37.76837333333334,-58.31765,STEM_CANKER,NO_REGISTER
47,2014,2014-12-11,wheat,NO,-37.1493,-62.737,STEM_CANKER,ABSENT
48,2015,2015-01-20,soybean,15,-36.5755,-62.9918,STEM_CANKER,LOW
49,2015,2015-01-20,soybean,15,-36.7626,-63.1045,STEM_CANKER,ABSENT
50,2015,2015-01-21,soybean,15,-35.8026,-62.9817,STEM_CANKER,HIGH
51,2015,2015-02-06,"NA",15,-37.5618,-60.8609,STEM_CANKER,NO_REGISTER
52,2015,2015-02-11,"NA",15,-37.2957,-61.1565,STEM_CANKER,NO_REGISTER
53,2015,2015-02-15,soybean,15,-37.402973214285716,-59.095039285714286,STEM_CANKER,NO_REGISTER
54,2015,2015-03-03,"NA",17,-37.6804,-58.4122,STEM_CANKER,NO_REGISTER
55,2015,2015-03-03,"NA",17,-37.7991,-58.0187,STEM_CANKER,NO_REGISTER
56,2015,2015-03-03,"NA",17,-38.052,-58.4444,STEM_CANKER,NO_REGISTER
57,2015,2015-03-06,"NA",18,-37.2957,-61.1565,STEM_CANKER,NO_REGISTER
58,2015,2015-03-06,"NA",18,-37.5618,-60.8609,STEM_CANKER,NO_REGISTER
59,2015,2015-03-23,soybean,18,-38.513,-58.6432,STEM_CANKER,NO_REGISTER
60,2017,2017-02-15,"NA",17,-37.76837333333334,-58.31765,HEAD_ROT,ABSENT
61,2017,2017-02-15,"NA",17,-37.76837333333334,-58.31765,STEM_CANKER,ABSENT
62,2017,2017-02-15,"NA",17,-38.456583928571426,-60.19219285714286,STEM_CANKER,ABSENT
63,2017,2017-02-15,"NA",17,-38.456583928571426,-60.19219285714286,HEAD_ROT,ABSENT
64,2017,2017-02-15,"NA",16,-38.155544444444445,-61.160466666666665,STEM_CANKER,ABSENT
65,2017,2017-02-15,"NA",16,-38.155544444444445,-61.160466666666665,HEAD_ROT,ABSENT
66,2017,2017-02-15,"NA",16,-37.4451,-61.4342,STEM_CANKER,ABSENT
67,2017,2017-02-15,"NA",16,-37.4451,-61.4342,HEAD_ROT,ABSENT
68,2017,2017-02-15,"NA",16,-37.9232,-61.389,STEM_CANKER,ABSENT
69,2017,2017-02-15,"NA",16,-37.9232,-61.389,HEAD_ROT,ABSENT
70,2017,2017-02-15,"NA",14,-38.0716,-60.5832,HEAD_ROT,ABSENT
71,2017,2017-02-15,"NA",14,-38.0716,-60.5832,STEM_CANKER,ABSENT
72,2017,2017-02-15,"NA",13,-38.1031,-60.2428,HEAD_ROT,ABSENT
73,2017,2017-02-15,"NA",13,-38.1031,-60.2428,STEM_CANKER,ABSENT
74,2017,2017-02-15,"NA",17,-38.1031,-60.2428,HEAD_ROT,ABSENT
75,2017,2017-02-15,"NA",17,-38.1031,-60.2428,STEM_CANKER,ABSENT
76,2017,2017-02-15,"NA",14,-38.1549,-60.4326,HEAD_ROT,ABSENT
77,2017,2017-02-15,"NA",14,-38.1549,-60.4326,STEM_CANKER,ABSENT
78,2017,2017-02-16,"NA",17,-37.66323333333333,-62.93971111111111,STEM_CANKER,ABSENT
79,2017,2017-02-16,"NA",17,-37.66323333333333,-62.93971111111111,HEAD_ROT,ABSENT
80,2017,2017-02-16,"NA",15,-37.76837333333334,-58.31765,STEM_CANKER,ABSENT
81,2017,2017-02-16,"NA",15,-37.76837333333334,-58.31765,HEAD_ROT,NO_REGISTER
82,2017,2017-02-16,"NA",14,-37.0924,-62.1959,STEM_CANKER,ABSENT
83,2017,2017-02-16,"NA",14,-37.0924,-62.1959,HEAD_ROT,ABSENT
84,2017,2017-02-16,"NA",16,-37.12,-58.06,HEAD_ROT,NO_REGISTER
85,2017,2017-02-16,"NA",16,-37.12,-58.06,STEM_CANKER,ABSENT
86,2017,2017-02-16,"NA",16,-37.1459,-62.3513,STEM_CANKER,ABSENT
87,2017,2017-02-16,"NA",16,-37.1459,-62.3513,HEAD_ROT,ABSENT
88,2017,2017-02-16,"NA",16,-37.1459,-62.3513,STEM_CANKER,ABSENT
89,2017,2017-02-16,"NA",16,-37.1459,-62.3513,HEAD_ROT,ABSENT
90,2017,2017-02-16,"NA",13,-37.1934,-62.6328,STEM_CANKER,ABSENT
91,2017,2017-02-16,"NA",13,-37.1934,-62.6328,HEAD_ROT,ABSENT
92,2017,2017-02-16,"NA",16,-37.2511,-62.2738,STEM_CANKER,LOW
93,2017,2017-02-16,"NA",16,-37.2511,-62.2738,HEAD_ROT,ABSENT
94,2017,2017-02-16,"NA",16,-37.35,-58.45,STEM_CANKER,ABSENT
95,2017,2017-02-16,"NA",16,-37.35,-58.45,HEAD_ROT,NO_REGISTER
96,2017,2017-02-16,"NA",15,-37.4,-58.29,STEM_CANKER,ABSENT
97,2017,2017-02-16,"NA",15,-37.4,-58.29,HEAD_ROT,NO_REGISTER
98,2017,2017-02-16,"NA",17,-37.4084,-61.8437,STEM_CANKER,ABSENT
99,2017,2017-02-16,"NA",17,-37.4084,-61.8437,HEAD_ROT,ABSENT
100,2017,2017-02-16,"NA",17,-37.41,-58.25,STEM_CANKER,ABSENT
101,2017,2017-02-16,"NA",17,-37.41,-58.25,HEAD_ROT,NO_REGISTER
102,2017,2017-02-16,"NA",16,-37.4452,-62.5656,STEM_CANKER,MEDIUM
103,2017,2017-02-16,"NA",16,-37.4452,-62.5656,HEAD_ROT,ABSENT
104,2017,2017-02-16,"NA",16,-37.4749,-61.4248,STEM_CANKER,ABSENT
105,2017,2017-02-16,"NA",16,-37.4749,-61.4248,HEAD_ROT,ABSENT
106,2017,2017-02-16,"NA",16,-37.51,-59.37,STEM_CANKER,LOW
107,2017,2017-02-16,"NA",16,-37.51,-59.37,HEAD_ROT,ABSENT
108,2017,2017-02-16,"NA",16,-37.5208,-62.1585,STEM_CANKER,LOW
109,2017,2017-02-16,"NA",16,-37.5208,-62.1585,HEAD_ROT,ABSENT
110,2017,2017-02-16,"NA",16,-37.53,-58.41,STEM_CANKER,ABSENT
111,2017,2017-02-16,"NA",16,-37.53,-58.41,HEAD_ROT,NO_REGISTER
112,2017,2017-02-16,"NA",17,-37.5804,-62.4213,STEM_CANKER,ABSENT
113,2017,2017-02-16,"NA",17,-37.5804,-62.4213,HEAD_ROT,ABSENT
114,2017,2017-02-16,"NA",15,-37.59,-58.22,HEAD_ROT,NO_REGISTER
115,2017,2017-02-16,"NA",15,-37.59,-58.22,STEM_CANKER,ABSENT
116,2017,2017-02-16,"NA",17,-37.7735,-63.0844,STEM_CANKER,ABSENT
117,2017,2017-02-16,"NA",17,-37.7735,-63.0844,HEAD_ROT,ABSENT
118,2017,2017-02-16,"NA",17,-37.7735,-63.0844,STEM_CANKER,ABSENT
119,2017,2017-02-16,"NA",17,-37.7735,-63.0844,HEAD_ROT,ABSENT
120,2017,2017-02-16,"NA",16,-37.105,-62.1153,STEM_CANKER,ABSENT
121,2017,2017-02-16,"NA",16,-37.105,-62.1153,HEAD_ROT,ABSENT
122,2017,2017-02-16,"NA",16,-37.243,-61.5732,STEM_CANKER,ABSENT
123,2017,2017-02-16,"NA",16,-37.243,-61.5732,HEAD_ROT,ABSENT
124,2017,2017-02-16,"NA",15,-38.03,-58.21,STEM_CANKER,ABSENT
125,2017,2017-02-16,"NA",15,-38.03,-58.21,HEAD_ROT,NO_REGISTER
126,2017,2017-02-16,"NA",15,-38.06,-58.17,HEAD_ROT,LOW
127,2017,2017-02-16,"NA",15,-38.06,-58.17,STEM_CANKER,ABSENT
128,2017,2017-02-16,"NA",16,-38.08,-58.74,STEM_CANKER,ABSENT
129,2017,2017-02-16,"NA",16,-38.08,-58.74,HEAD_ROT,NO_REGISTER
130,2017,2017-02-16,"NA",14,-38.08,-58.15,STEM_CANKER,ABSENT
131,2017,2017-02-16,"NA",14,-38.08,-58.15,HEAD_ROT,NO_REGISTER
132,2017,2017-02-16,"NA",16,-38.11,-58.08,HEAD_ROT,NO_REGISTER
133,2017,2017-02-16,"NA",16,-38.11,-58.08,STEM_CANKER,ABSENT
134,2017,2017-02-16,"NA",17,-38.19,-58.73,STEM_CANKER,ABSENT
135,2017,2017-02-16,"NA",17,-38.19,-58.73,HEAD_ROT,NO_REGISTER
136,2017,2017-02-16,"NA",16,-38.38,-58.68,STEM_CANKER,ABSENT
137,2017,2017-02-16,"NA",16,-38.38,-58.68,HEAD_ROT,NO_REGISTER
138,2017,2017-02-17,"NA",15,-37.5757,-61.5326,STEM_CANKER,ABSENT
139,2017,2017-02-17,"NA",15,-37.5757,-61.5326,HEAD_ROT,ABSENT
140,2017,2017-02-17,wheat,17,-38.05,-58.2717,STEM_CANKER,ABSENT
141,2017,2017-02-17,wheat,17,-38.05,-58.2717,HEAD_ROT,ABSENT
142,2017,2017-02-17,soybean,17,-38.0533,-58.272,STEM_CANKER,ABSENT
143,2017,2017-02-17,soybean,17,-38.0533,-58.272,HEAD_ROT,ABSENT
144,2017,2017-02-17,"NA",17,-38.2255,-61.3101,STEM_CANKER,ABSENT
145,2017,2017-02-17,"NA",17,-38.2255,-61.3101,HEAD_ROT,ABSENT
146,2017,2017-02-17,wheat,17,-38.2319,-58.4033,HEAD_ROT,LOW
147,2017,2017-02-17,wheat,17,-38.2319,-58.4033,STEM_CANKER,LOW
148,2017,2017-02-17,soybean,17,-38.266,-59.5948,STEM_CANKER,LOW
149,2017,2017-02-17,soybean,17,-38.266,-59.5948,HEAD_ROT,ABSENT
150,2017,2017-02-17,corn,16,-38.273,-58.45,STEM_CANKER,ABSENT
151,2017,2017-02-17,corn,16,-38.273,-58.45,HEAD_ROT,ABSENT
152,2017,2017-02-17,soybean,17,-38.2953,-60.2651,STEM_CANKER,ABSENT
153,2017,2017-02-17,soybean,17,-38.2953,-60.2651,HEAD_ROT,ABSENT
154,2017,2017-02-17,corn,17,-38.2953,-59.4354,STEM_CANKER,LOW
155,2017,2017-02-17,corn,17,-38.2953,-59.4354,HEAD_ROT,ABSENT
156,2017,2017-02-17,wheat,17,-38.3055,-59.0232,STEM_CANKER,LOW
157,2017,2017-02-17,wheat,17,-38.3055,-59.0232,HEAD_ROT,ABSENT
158,2017,2017-02-17,wheat,16,-38.321,-61.2203,STEM_CANKER,ABSENT
159,2017,2017-02-17,wheat,16,-38.321,-61.2203,HEAD_ROT,ABSENT
160,2017,2017-02-17,"NA",16,-38.3229,-59.1427,STEM_CANKER,LOW
161,2017,2017-02-17,"NA",16,-38.3229,-59.1427,HEAD_ROT,ABSENT
162,2017,2017-02-17,"NA",16,-38.3351,-59.2948,STEM_CANKER,ABSENT
163,2017,2017-02-17,"NA",16,-38.3351,-59.2948,HEAD_ROT,ABSENT
164,2017,2017-02-17,wheat,13,-38.3636,-60.381100000000004,STEM_CANKER,ABSENT
165,2017,2017-02-17,wheat,13,-38.3636,-60.381100000000004,HEAD_ROT,ABSENT
166,2017,2017-02-17,wheat,15,-38.4013,-61.162,STEM_CANKER,ABSENT
167,2017,2017-02-17,wheat,15,-38.4013,-61.162,HEAD_ROT,ABSENT
168,2017,2017-02-17,wheat,16,-38.4208,-61.0005,STEM_CANKER,ABSENT
169,2017,2017-02-17,wheat,16,-38.4208,-61.0005,HEAD_ROT,ABSENT
170,2017,2017-02-23,soybean,17,-36.5345,-59.5001,STEM_CANKER,ABSENT
171,2017,2017-02-23,soybean,17,-36.5345,-59.5001,HEAD_ROT,ABSENT
172,2017,2017-02-23,soybean,17,-36.59,-60.09,STEM_CANKER,ABSENT
173,2017,2017-02-23,soybean,17,-36.59,-60.09,HEAD_ROT,ABSENT
174,2017,2017-02-23,soybean,18,-36.9209,-59.9355,STEM_CANKER,ABSENT
175,2017,2017-02-23,soybean,18,-36.9209,-59.9355,HEAD_ROT,ABSENT
176,2017,2017-02-23,soybean,18,-36.9943,-60.1502,STEM_CANKER,ABSENT
177,2017,2017-02-23,soybean,18,-36.9943,-60.1502,HEAD_ROT,ABSENT
178,2017,2017-02-23,soybean,17,-37.0108,-59.3714,STEM_CANKER,ABSENT
179,2017,2017-02-23,soybean,17,-37.0108,-59.3714,HEAD_ROT,ABSENT
180,2017,2017-02-23,soybean,17,-37.0713,-59.2912,STEM_CANKER,ABSENT
181,2017,2017-02-23,soybean,17,-37.0713,-59.2912,HEAD_ROT,ABSENT
182,2017,2017-02-23,soybean,18,-37.1338,-59.201,STEM_CANKER,NO_REGISTER
183,2017,2017-02-23,soybean,18,-37.1338,-59.201,HEAD_ROT,NO_REGISTER
184,2017,2017-02-23,"NA",17,-37.1542,-60.4954,STEM_CANKER,ABSENT
185,2017,2017-02-23,"NA",17,-37.1542,-60.4954,HEAD_ROT,ABSENT
186,2017,2017-02-23,"NA",18,-37.2106,-60.5718,HEAD_ROT,ABSENT
187,2017,2017-02-23,"NA",18,-37.2106,-60.5718,STEM_CANKER,ABSENT
188,2017,2017-02-23,"NA",17,-37.2272,-59.3362,STEM_CANKER,ABSENT
189,2017,2017-02-23,"NA",17,-37.2272,-59.3362,HEAD_ROT,ABSENT
190,2017,2017-02-23,corn,17,-37.244,-58.0806,STEM_CANKER,ABSENT
191,2017,2017-02-23,corn,17,-37.244,-58.0806,HEAD_ROT,ABSENT
192,2017,2017-02-23,wheat,17,-37.2631,-58.5702,STEM_CANKER,ABSENT
193,2017,2017-02-23,wheat,17,-37.2631,-58.5702,HEAD_ROT,ABSENT
194,2017,2017-02-23,wheat,16,-37.3047,-59.2409,HEAD_ROT,ABSENT
195,2017,2017-02-23,wheat,16,-37.3047,-59.2409,STEM_CANKER,ABSENT
196,2017,2017-02-23,"NA",17,-37.3132,-60.3146,STEM_CANKER,ABSENT
197,2017,2017-02-23,"NA",17,-37.3132,-60.3146,HEAD_ROT,ABSENT
198,2017,2017-02-23,"NA",17,-37.3156,-60.2357,STEM_CANKER,ABSENT
199,2017,2017-02-23,"NA",17,-37.3156,-60.2357,HEAD_ROT,ABSENT
200,2017,2017-02-23,"NA",17,-37.3156,-60.2357,STEM_CANKER,ABSENT
201,2017,2017-02-23,"NA",17,-37.3156,-60.2357,HEAD_ROT,ABSENT
202,2017,2017-02-23,"NA",17,-37.3156,-60.2357,STEM_CANKER,ABSENT
203,2017,2017-02-23,"NA",17,-37.3156,-60.2357,HEAD_ROT,ABSENT
204,2017,2017-02-23,corn,17,-37.3307,-60.3922,STEM_CANKER,LOW
205,2017,2017-02-23,corn,17,-37.3307,-60.3922,HEAD_ROT,ABSENT
206,2017,2017-02-23,soybean,17,-37.3322,-58.4814,STEM_CANKER,ABSENT
207,2017,2017-02-23,soybean,17,-37.3322,-58.4814,HEAD_ROT,ABSENT
208,2017,2017-02-23,soybean,14,-37.3551,-59.3517,HEAD_ROT,ABSENT
209,2017,2017-02-23,soybean,14,-37.3551,-59.3517,STEM_CANKER,ABSENT
210,2017,2017-02-23,wheat,17,-37.5322,-60.3992,STEM_CANKER,ABSENT
211,2017,2017-02-23,wheat,17,-37.5322,-60.3992,HEAD_ROT,ABSENT
212,2017,2017-02-23,"NA",17,-37.008,-60.3834,STEM_CANKER,ABSENT
213,2017,2017-02-23,"NA",17,-37.008,-60.3834,HEAD_ROT,ABSENT
214,2017,2017-02-23,corn,18,-37.054,-59.5713,STEM_CANKER,ABSENT
215,2017,2017-02-23,corn,18,-37.054,-59.5713,HEAD_ROT,ABSENT
216,2017,2017-02-24,"NA",17,-37.5224,-58.0826,STEM_CANKER,ABSENT
217,2017,2017-02-24,"NA",17,-37.5224,-58.0826,HEAD_ROT,ABSENT
218,2017,2017-02-24,"NA",17,-37.5224,-58.0826,STEM_CANKER,ABSENT
219,2017,2017-02-24,"NA",17,-37.5224,-58.0826,HEAD_ROT,ABSENT
220,2017,2017-02-24,wheat,17,-37.5233,-58.0338,STEM_CANKER,ABSENT
221,2017,2017-02-24,wheat,17,-37.5233,-58.0338,HEAD_ROT,ABSENT
222,2017,2017-02-24,"NA",18,-37.8603,-57.9559,HEAD_ROT,ABSENT
223,2017,2017-02-24,"NA",18,-37.8603,-57.9559,STEM_CANKER,ABSENT
224,2017,2017-02-24,corn,17,-37.88,-57.8491,STEM_CANKER,ABSENT
225,2017,2017-02-24,corn,17,-37.88,-57.8491,HEAD_ROT,ABSENT
226,2018,2018-02-05,corn,15,-37.1192,-63.3331,STEM_CANKER,LOW
227,2018,2018-02-05,corn,15,-37.1192,-63.3331,HEAD_ROT,ABSENT
228,2018,2018-02-06,sunflower,17,-37.1117,-63.1233,STEM_CANKER,LOW
229,2018,2018-02-06,sunflower,17,-37.1117,-63.1233,HEAD_ROT,ABSENT
230,2018,2018-02-06,soybean,16,-37.1194,-63.3333,STEM_CANKER,LOW
231,2018,2018-02-06,soybean,16,-37.1194,-63.3333,HEAD_ROT,ABSENT
232,2018,2018-02-06,barley,16,-37.1894,-62.6394,STEM_CANKER,ABSENT
233,2018,2018-02-06,barley,16,-37.1894,-62.6394,HEAD_ROT,ABSENT
234,2018,2018-02-06,soybean,15,-37.3503,-62.4633,HEAD_ROT,ABSENT
235,2018,2018-02-06,soybean,15,-37.3503,-62.4633,STEM_CANKER,ABSENT
236,2018,2018-02-06,corn,14,-37.4308,-62.4661,STEM_CANKER,ABSENT
237,2018,2018-02-06,corn,14,-37.4308,-62.4661,HEAD_ROT,ABSENT
238,2018,2018-02-06,barley,16,-37.6728,-62.8703,STEM_CANKER,ABSENT
239,2018,2018-02-06,barley,16,-37.6728,-62.8703,HEAD_ROT,ABSENT
240,2018,2018-02-06,barley,15,-37.6825,-62.8819,STEM_CANKER,ABSENT
241,2018,2018-02-06,barley,15,-37.6825,-62.8819,HEAD_ROT,ABSENT
242,2018,2018-02-06,barley,17,-37.7736,-63.1061,STEM_CANKER,ABSENT
243,2018,2018-02-06,barley,17,-37.7736,-63.1061,HEAD_ROT,ABSENT
244,2018,2018-02-06,barley,14,-37.7739,-63.1067,HEAD_ROT,ABSENT
245,2018,2018-02-06,barley,14,-37.7739,-63.1067,STEM_CANKER,ABSENT
246,2018,2018-02-07,wheat,16,-37.5731,-62.4792,STEM_CANKER,ABSENT
247,2018,2018-02-07,wheat,16,-37.5731,-62.4792,HEAD_ROT,ABSENT
248,2018,2018-02-07,wheat,15,-37.6025,-61.8628,STEM_CANKER,ABSENT
249,2018,2018-02-07,wheat,15,-37.6025,-61.8628,HEAD_ROT,ABSENT
250,2018,2018-02-07,wheat,16,-37.7419,-61.7522,STEM_CANKER,ABSENT
251,2018,2018-02-07,wheat,16,-37.7419,-61.7522,HEAD_ROT,ABSENT
252,2018,2018-02-07,barley,17,-37.7708,-58.3039,STEM_CANKER,LOW
253,2018,2018-02-07,barley,17,-37.7708,-58.3039,HEAD_ROT,ABSENT
254,2018,2018-02-07,wheat,17,-37.7708,-58.3039,STEM_CANKER,ABSENT
255,2018,2018-02-07,wheat,17,-37.7708,-58.3039,HEAD_ROT,ABSENT
256,2018,2018-02-07,soybean,17,-37.509,-61.9415,STEM_CANKER,ABSENT
257,2018,2018-02-07,soybean,17,-37.509,-61.9415,HEAD_ROT,ABSENT
258,2018,2018-02-07,wheat,16,-38.0094,-61.41,STEM_CANKER,ABSENT
259,2018,2018-02-07,wheat,16,-38.0094,-61.41,HEAD_ROT,ABSENT
260,2018,2018-02-07,wheat,16,-38.2244,-60.8408,STEM_CANKER,ABSENT
261,2018,2018-02-07,wheat,16,-38.2244,-60.8408,HEAD_ROT,ABSENT
262,2018,2018-02-07,wheat,16,-38.325,-60.2453,STEM_CANKER,ABSENT
263,2018,2018-02-07,wheat,16,-38.325,-60.2453,HEAD_ROT,ABSENT
264,2018,2018-02-07,wheat,15,-38.3411,-60.4089,STEM_CANKER,ABSENT
265,2018,2018-02-07,wheat,15,-38.3411,-60.4089,HEAD_ROT,ABSENT
266,2018,2018-02-07,wheat,16,-38.3578,-60.3865,STEM_CANKER,LOW
267,2018,2018-02-07,wheat,16,-38.3578,-60.3865,HEAD_ROT,ABSENT
268,2018,2018-02-07,barley,16,-38.3971,-60.3413,STEM_CANKER,ABSENT
269,2018,2018-02-07,barley,16,-38.3971,-60.3413,HEAD_ROT,ABSENT
270,2018,2018-02-07,corn,16,-38.4547,-60.055,STEM_CANKER,LOW
271,2018,2018-02-07,corn,16,-38.4547,-60.055,HEAD_ROT,ABSENT
272,2018,2018-02-07,corn,15,-38.4553,-60.0411,STEM_CANKER,ABSENT
273,2018,2018-02-07,corn,15,-38.4553,-60.0411,HEAD_ROT,ABSENT
274,2018,2018-02-07,wheat,16,-38.4769,-60.1522,STEM_CANKER,LOW
275,2018,2018-02-07,wheat,16,-38.4769,-60.1522,HEAD_ROT,ABSENT
276,2018,2018-02-07,wheat,16,-38.5056,-59.725,STEM_CANKER,ABSENT
277,2018,2018-02-07,wheat,16,-38.5056,-59.725,HEAD_ROT,ABSENT
278,2018,2018-02-07,wheat,17,-38.5294,-59.5858,STEM_CANKER,ABSENT
279,2018,2018-02-07,wheat,17,-38.5294,-59.5858,HEAD_ROT,ABSENT
280,2018,2018-02-07,"NA",17,-38.5489,-59.2775,STEM_CANKER,LOW
281,2018,2018-02-07,"NA",17,-38.5489,-59.2775,HEAD_ROT,ABSENT
282,2018,2018-02-07,barley,16,-38.5553,-60.1333,STEM_CANKER,ABSENT
283,2018,2018-02-07,barley,16,-38.5553,-60.1333,HEAD_ROT,ABSENT
284,2018,2018-02-07,wheat,16,-38.6525,-59.9347,STEM_CANKER,LOW
285,2018,2018-02-07,wheat,16,-38.6525,-59.9347,HEAD_ROT,ABSENT
286,2018,2018-02-08,wheat,17,-38.13747848101266,-58.648665822784814,STEM_CANKER,LOW
287,2018,2018-02-08,wheat,17,-38.13747848101266,-58.648665822784814,HEAD_ROT,LOW
288,2018,2018-02-08,corn,15,-36.8514,-60.0009,HEAD_ROT,ABSENT
289,2018,2018-02-08,corn,15,-36.8514,-60.0009,STEM_CANKER,ABSENT
290,2018,2018-02-08,wheat,16,-36.8601,-60.1215,HEAD_ROT,ABSENT
291,2018,2018-02-08,wheat,16,-36.8601,-60.1215,STEM_CANKER,LOW
292,2018,2018-02-08,corn,16,-37.0347,-59.5943,HEAD_ROT,ABSENT
293,2018,2018-02-08,corn,16,-37.0347,-59.5943,STEM_CANKER,ABSENT
294,2018,2018-02-08,wheat,16,-37.2041,-59.362,HEAD_ROT,ABSENT
295,2018,2018-02-08,wheat,16,-37.2041,-59.362,STEM_CANKER,ABSENT
296,2018,2018-02-08,wheat,16,-37.2731,-59.2539,HEAD_ROT,ABSENT
297,2018,2018-02-08,wheat,16,-37.2731,-59.2539,STEM_CANKER,ABSENT
298,2018,2018-02-08,wheat,16,-37.72,-58.7261,STEM_CANKER,ABSENT
299,2018,2018-02-08,wheat,16,-37.72,-58.7261,HEAD_ROT,ABSENT
300,2018,2018-02-08,wheat,16,-37.8239,-58.6975,STEM_CANKER,ABSENT
301,2018,2018-02-08,wheat,16,-37.8239,-58.6975,HEAD_ROT,ABSENT
302,2018,2018-02-08,wheat,16,-37.9708,-58.4875,HEAD_ROT,ABSENT
303,2018,2018-02-08,wheat,16,-37.9708,-58.4875,STEM_CANKER,ABSENT
304,2018,2018-02-08,soybean,16,-38.1042,-58.4653,HEAD_ROT,ABSENT
305,2018,2018-02-08,soybean,16,-38.1042,-58.4653,STEM_CANKER,ABSENT
306,2018,2018-02-08,corn,16,-38.14,-58.5003,STEM_CANKER,ABSENT
307,2018,2018-02-08,corn,16,-38.14,-58.5003,HEAD_ROT,ABSENT
308,2018,2018-02-08,corn,17,-38.2667,-58.5744,STEM_CANKER,ABSENT
309,2018,2018-02-08,corn,17,-38.2667,-58.5744,HEAD_ROT,ABSENT
310,2018,2018-02-08,wheat,16,-38.2892,-58.7081,STEM_CANKER,LOW
311,2018,2018-02-08,wheat,16,-38.2892,-58.7081,HEAD_ROT,ABSENT
312,2018,2018-02-08,corn,17,-38.3847,-58.6711,STEM_CANKER,ABSENT
313,2018,2018-02-08,corn,17,-38.3847,-58.6711,HEAD_ROT,LOW
314,2018,2018-02-08,soybean,16,-38.4061,-58.6914,STEM_CANKER,LOW
315,2018,2018-02-08,soybean,16,-38.4061,-58.6914,HEAD_ROT,ABSENT
316,2018,2018-02-08,wheat,16,-38.4636,-58.6647,STEM_CANKER,LOW
317,2018,2018-02-08,wheat,16,-38.4636,-58.6647,HEAD_ROT,ABSENT
318,2018,2018-02-08,corn,16,-38.4958,-58.6778,STEM_CANKER,ABSENT
319,2018,2018-02-08,corn,16,-38.4958,-58.6778,HEAD_ROT,ABSENT
320,2018,2018-02-08,"NA",16,-38.5286,-59.0108,STEM_CANKER,LOW
321,2018,2018-02-08,"NA",16,-38.5286,-59.0108,HEAD_ROT,ABSENT
322,2018,2018-02-08,"NA",16,-38.5311,-58.8339,STEM_CANKER,LOW
323,2018,2018-02-08,"NA",16,-38.5311,-58.8339,HEAD_ROT,ABSENT
324,2018,2018-02-14,soybean,17,-38.1183,-58.272,STEM_CANKER,ABSENT
325,2018,2018-02-14,soybean,17,-38.1183,-58.272,HEAD_ROT,ABSENT
326,2018,2018-02-14,"NA",17,-38.1535,-57.9934,STEM_CANKER,ABSENT
327,2018,2018-02-14,"NA",17,-38.1535,-57.9934,HEAD_ROT,ABSENT
328,2018,2018-02-14,wheat,16,-38.1991,-57.9104,HEAD_ROT,ABSENT
329,2018,2018-02-14,wheat,16,-38.1991,-57.9104,STEM_CANKER,ABSENT
330,2018,2018-02-14,wheat,17,-38.2029,-58.0432,STEM_CANKER,ABSENT
331,2018,2018-02-14,wheat,17,-38.2029,-58.0432,HEAD_ROT,ABSENT
332,2018,2018-02-14,wheat,16,-38.2068,-58.128,STEM_CANKER,ABSENT
333,2018,2018-02-14,wheat,16,-38.2068,-58.128,HEAD_ROT,ABSENT
334,2018,2018-02-14,wheat,17,-38.2199,-57.8783,HEAD_ROT,ABSENT
335,2018,2018-02-14,wheat,17,-38.2199,-57.8783,STEM_CANKER,ABSENT
336,2018,2018-02-14,wheat,17,-38.2935,-58.2334,STEM_CANKER,LOW
337,2018,2018-02-14,wheat,17,-38.2935,-58.2334,HEAD_ROT,ABSENT
338,2018,2018-02-14,corn,16,-38.3685,-58.3916,STEM_CANKER,ABSENT
339,2018,2018-02-14,corn,16,-38.3685,-58.3916,HEAD_ROT,ABSENT
340,2018,2018-02-14,soybean,17,-38.4487,-58.5169,STEM_CANKER,ABSENT
341,2018,2018-02-14,soybean,17,-38.4487,-58.5169,HEAD_ROT,ABSENT
342,2018,2018-02-14,corn,17,-38.4738,-58.5715,STEM_CANKER,MEDIUM
343,2018,2018-02-14,corn,17,-38.4738,-58.5715,HEAD_ROT,LOW
344,2018,2018-02-14,sunflower,16,-37.8,-58.3942,STEM_CANKER,ABSENT
345,2018,2018-02-14,sunflower,16,-37.8,-58.3942,HEAD_ROT,ABSENT
346,2018,2018-02-15,wheat,16,-37.4147,-59.1628,STEM_CANKER,ABSENT
347,2018,2018-02-15,wheat,16,-37.4147,-59.1628,HEAD_ROT,ABSENT
348,2018,2018-02-15,soybean,16,-37.4561,-58.9275,STEM_CANKER,ABSENT
349,2018,2018-02-15,soybean,16,-37.4561,-58.9275,HEAD_ROT,ABSENT
350,2018,2018-02-15,"NA",18,-37.5107,-58.483,HEAD_ROT,ABSENT
351,2018,2018-02-15,"NA",18,-37.5107,-58.483,STEM_CANKER,LOW
352,2018,2018-02-15,wheat,16,-37.5244,-59.4275,STEM_CANKER,LOW
353,2018,2018-02-15,wheat,16,-37.5244,-59.4275,HEAD_ROT,LOW
354,2018,2018-02-15,corn,17,-37.61,-58.6377,STEM_CANKER,LOW
355,2018,2018-02-15,corn,17,-37.61,-58.6377,HEAD_ROT,ABSENT
356,2018,2018-02-15,soybean,17,-37.6889,-58.4226,STEM_CANKER,LOW
357,2018,2018-02-15,soybean,17,-37.6889,-58.4226,HEAD_ROT,LOW
358,2018,2018-02-15,wheat,18,-37.7789,-60.019,STEM_CANKER,LOW
359,2018,2018-02-15,wheat,18,-37.7789,-60.019,HEAD_ROT,LOW
360,2018,2018-02-15,wheat,16,-38.0914,-60.0246,STEM_CANKER,ABSENT
361,2018,2018-02-15,wheat,16,-38.0914,-60.0246,HEAD_ROT,ABSENT
362,2018,2018-02-15,"NA",17,-38.2629,-59.7492,STEM_CANKER,ABSENT
363,2018,2018-02-15,"NA",17,-38.2629,-59.7492,HEAD_ROT,LOW
364,2018,2018-02-15,corn,17,-38.3994,-59.5792,STEM_CANKER,ABSENT
365,2018,2018-02-15,corn,17,-38.3994,-59.5792,HEAD_ROT,LOW
366,2018,2018-02-15,corn,16,-38.594,-59.4585,STEM_CANKER,ABSENT
367,2018,2018-02-15,corn,16,-38.594,-59.4585,HEAD_ROT,ABSENT
368,2018,2018-02-15,wheat,17,-38.6378,-59.5744,STEM_CANKER,LOW
369,2018,2018-02-15,wheat,17,-38.6378,-59.5744,HEAD_ROT,LOW
370,2018,2018-02-15,wheat,17,-38.6909,-59.9553,STEM_CANKER,MEDIUM
371,2018,2018-02-15,wheat,17,-38.6909,-59.9553,HEAD_ROT,LOW
372,2018,2018-02-16,corn,18,-36.942,-57.7743,STEM_CANKER,ABSENT
373,2018,2018-02-16,corn,18,-36.942,-57.7743,HEAD_ROT,ABSENT
374,2018,2018-02-16,"NA",17,-36.9813,-57.5444,STEM_CANKER,ABSENT
375,2018,2018-02-16,"NA",17,-36.9813,-57.5444,HEAD_ROT,ABSENT
376,2018,2018-02-16,soybean,18,-37.0857,-57.3261,STEM_CANKER,ABSENT
377,2018,2018-02-16,soybean,18,-37.0857,-57.3261,HEAD_ROT,ABSENT
378,2018,2018-02-16,corn,18,-37.0879,-57.4884,STEM_CANKER,ABSENT
379,2018,2018-02-16,corn,18,-37.0879,-57.4884,HEAD_ROT,ABSENT
380,2018,2018-02-16,wheat,18,-37.0952,-57.9325,STEM_CANKER,ABSENT
381,2018,2018-02-16,wheat,18,-37.0952,-57.9325,HEAD_ROT,ABSENT
382,2018,2018-02-16,"NA",18,-37.1181,-58.1682,STEM_CANKER,LOW
383,2018,2018-02-16,"NA",18,-37.1181,-58.1682,HEAD_ROT,ABSENT
384,2018,2018-02-16,corn,17,-37.1219,-57.009,STEM_CANKER,ABSENT
385,2018,2018-02-16,corn,17,-37.1219,-57.009,HEAD_ROT,ABSENT
386,2018,2018-02-16,sorghum,17,-37.35,-57.1499,STEM_CANKER,LOW
387,2018,2018-02-16,sorghum,17,-37.35,-57.1499,HEAD_ROT,ABSENT
388,2018,2018-02-16,corn,16,-37.6453,-57.4287,STEM_CANKER,LOW
389,2018,2018-02-16,corn,16,-37.6453,-57.4287,HEAD_ROT,ABSENT
390,2018,2018-02-16,corn,16,-37.7347,-57.5017,STEM_CANKER,ABSENT
391,2018,2018-02-16,corn,16,-37.7347,-57.5017,HEAD_ROT,ABSENT
392,2018,2018-02-16,corn,18,-37.8802,-57.844,STEM_CANKER,LOW
393,2018,2018-02-16,corn,18,-37.8802,-57.844,HEAD_ROT,ABSENT
394,2018,2018-02-16,soybean,16,-37.8856,-58.0902,STEM_CANKER,ABSENT
395,2018,2018-02-16,soybean,16,-37.8856,-58.0902,HEAD_ROT,ABSENT
396,2019,2019-02-11,"NA",17,-37.3996,-59.9268,STEM_CANKER,LOW
397,2019,2019-02-11,"NA",17,-37.3996,-59.9268,HEAD_ROT,LOW
398,2019,2019-02-11,barley,16,-37.4299,-59.2018,HEAD_ROT,ABSENT
399,2019,2019-02-11,barley,16,-37.4299,-59.2018,STEM_CANKER,ABSENT
400,2019,2019-02-11,wheat,16,-37.4467,-58.9395,HEAD_ROT,ABSENT
401,2019,2019-02-11,wheat,16,-37.4467,-58.9395,STEM_CANKER,ABSENT
402,2019,2019-02-11,wheat,16,-37.5236,-59.4053,STEM_CANKER,ABSENT
403,2019,2019-02-11,wheat,16,-37.5236,-59.4053,HEAD_ROT,ABSENT
404,2019,2019-02-11,sorghum,15,-37.5645,-58.7869,HEAD_ROT,ABSENT
405,2019,2019-02-11,sorghum,15,-37.5645,-58.7869,STEM_CANKER,LOW
406,2019,2019-02-11,soybean,15,-37.6435,-58.601,HEAD_ROT,ABSENT
407,2019,2019-02-11,soybean,15,-37.6435,-58.601,STEM_CANKER,ABSENT
408,2019,2019-02-11,wheat,16,-37.6993,-58.4125,HEAD_ROT,ABSENT
409,2019,2019-02-11,wheat,16,-37.6993,-58.4125,STEM_CANKER,ABSENT
410,2019,2019-02-12,soybean,17,-37.0699,-60.2339,STEM_CANKER,LOW
411,2019,2019-02-12,soybean,17,-37.0699,-60.2339,HEAD_ROT,LOW
412,2019,2019-02-12,corn,16,-37.1054,-60.032,STEM_CANKER,LOW
413,2019,2019-02-12,corn,16,-37.1054,-60.032,HEAD_ROT,ABSENT
414,2019,2019-02-12,wheat,18,-37.344,-60.9396,STEM_CANKER,LOW
415,2019,2019-02-12,wheat,18,-37.344,-60.9396,HEAD_ROT,ABSENT
416,2019,2019-02-12,barley,18,-37.5332,-61.2119,STEM_CANKER,ABSENT
417,2019,2019-02-12,barley,18,-37.5332,-61.2119,HEAD_ROT,LOW
418,2019,2019-02-12,wheat,14,-37.5967,-61.3406,STEM_CANKER,ABSENT
419,2019,2019-02-12,wheat,14,-37.5967,-61.3406,HEAD_ROT,ABSENT
420,2019,2019-02-12,barley,16,-37.7426,-59.8528,STEM_CANKER,LOW
421,2019,2019-02-12,barley,16,-37.7426,-59.8528,HEAD_ROT,LOW
422,2019,2019-02-13,soybean,17,-36.7879,-62.2193,HEAD_ROT,ABSENT
423,2019,2019-02-13,soybean,17,-36.7879,-62.2193,STEM_CANKER,LOW
424,2019,2019-02-13,wheat,17,-36.9702,-62.281,STEM_CANKER,LOW
425,2019,2019-02-13,wheat,17,-36.9702,-62.281,HEAD_ROT,MEDIUM
426,2019,2019-02-13,corn,17,-37.1508,-62.4103,STEM_CANKER,LOW
427,2019,2019-02-13,corn,17,-37.1508,-62.4103,HEAD_ROT,ABSENT
428,2019,2019-02-13,wheat,17,-37.1935,-62.6395,STEM_CANKER,LOW
429,2019,2019-02-13,wheat,17,-37.1935,-62.6395,HEAD_ROT,LOW
430,2019,2019-02-13,wheat,17,-37.4258,-61.8602,STEM_CANKER,LOW
431,2019,2019-02-13,wheat,17,-37.4258,-61.8602,HEAD_ROT,ABSENT
432,2019,2019-02-13,"NA",14,-37.5319,-62.941,STEM_CANKER,ABSENT
433,2019,2019-02-13,"NA",14,-37.5319,-62.941,HEAD_ROT,ABSENT
434,2019,2019-02-13,"NA",14,-37.5422,-62.817,STEM_CANKER,ABSENT
435,2019,2019-02-13,"NA",14,-37.5422,-62.817,HEAD_ROT,ABSENT
436,2019,2019-02-13,soybean,16,-37.5562,-62.2823,STEM_CANKER,LOW
437,2019,2019-02-13,soybean,16,-37.5562,-62.2823,HEAD_ROT,ABSENT
438,2019,2019-02-14,wheat,14,-37.7722,-61.7121,STEM_CANKER,ABSENT
439,2019,2019-02-14,wheat,14,-37.7722,-61.7121,HEAD_ROT,ABSENT
440,2019,2019-02-14,wheat,16,-37.7958,-61.6848,STEM_CANKER,ABSENT
441,2019,2019-02-14,wheat,16,-37.7958,-61.6848,HEAD_ROT,ABSENT
442,2019,2019-02-14,"NA",17,-38.0843,-61.0573,STEM_CANKER,ABSENT
443,2019,2019-02-14,"NA",17,-38.0843,-61.0573,HEAD_ROT,ABSENT
444,2019,2019-02-14,"NA",16,-38.2255,-60.826,STEM_CANKER,ABSENT
445,2019,2019-02-14,"NA",16,-38.2255,-60.826,HEAD_ROT,ABSENT
446,2019,2019-02-14,"NA",16,-38.2255,-60.826,HEAD_ROT,ABSENT
447,2019,2019-02-14,"NA",16,-38.2255,-60.826,STEM_CANKER,ABSENT
448,2019,2019-02-14,wheat,16,-38.3207,-60.2431,STEM_CANKER,ABSENT
449,2019,2019-02-14,wheat,16,-38.3207,-60.2431,HEAD_ROT,ABSENT
450,2019,2019-02-14,"NA",16,-38.3848,-60.3624,STEM_CANKER,ABSENT
451,2019,2019-02-14,"NA",16,-38.3848,-60.3624,HEAD_ROT,ABSENT
452,2019,2019-02-14,wheat,NO,-38.5317,-58.9237,STEM_CANKER,MEDIUM
453,2019,2019-02-14,wheat,NO,-38.5317,-58.9237,HEAD_ROT,LOW
454,2019,2019-02-14,wheat,16,-38.5551,-59.3174,STEM_CANKER,MEDIUM
455,2019,2019-02-14,wheat,16,-38.5551,-59.3174,HEAD_ROT,ABSENT
456,2019,2019-02-14,wheat,16,-38.6174,-60.1333,STEM_CANKER,LOW
457,2019,2019-02-14,wheat,16,-38.6174,-60.1333,HEAD_ROT,ABSENT
458,2019,2019-02-14,wheat,17,-38.6218,-60.0741,HEAD_ROT,LOW
459,2019,2019-02-14,wheat,17,-38.6218,-60.0741,STEM_CANKER,LOW
460,2019,2019-02-14,wheat,17,-38.6878,-59.8154,STEM_CANKER,ABSENT
461,2019,2019-02-14,wheat,17,-38.6878,-59.8154,HEAD_ROT,LOW
462,2019,2019-02-15,soybean,17,-38.13747848101266,-58.648665822784814,STEM_CANKER,MEDIUM
463,2019,2019-02-15,soybean,17,-38.13747848101266,-58.648665822784814,HEAD_ROT,LOW
464,2019,2019-02-15,corn,17,-37.8609,-58.156,STEM_CANKER,ABSENT
465,2019,2019-02-15,corn,17,-37.8609,-58.156,HEAD_ROT,ABSENT
466,2019,2019-02-15,"NA",17,-37.8836,-57.8721,STEM_CANKER,ABSENT
467,2019,2019-02-15,"NA",17,-37.8836,-57.8721,HEAD_ROT,ABSENT
468,2019,2019-02-15,wheat,16,-37.9497,-58.6878,HEAD_ROT,LOW
469,2019,2019-02-15,wheat,16,-37.9497,-58.6878,STEM_CANKER,ABSENT
470,2019,2019-02-15,corn,15,-37.727,-58.7367,STEM_CANKER,ABSENT
471,2019,2019-02-15,corn,15,-37.727,-58.7367,HEAD_ROT,ABSENT
472,2019,2019-02-15,"NA",18,-38.008,-57.7684,STEM_CANKER,ABSENT
473,2019,2019-02-15,"NA",18,-38.008,-57.7684,HEAD_ROT,ABSENT
474,2019,2019-02-15,"NA",17,-38.2174,-58.1089,STEM_CANKER,ABSENT
475,2019,2019-02-15,"NA",17,-38.2174,-58.1089,HEAD_ROT,ABSENT
476,2019,2019-02-15,wheat,16,-38.2336,-58.7242,STEM_CANKER,LOW
477,2019,2019-02-15,wheat,16,-38.2336,-58.7242,HEAD_ROT,ABSENT
478,2019,2019-02-15,corn,17,-38.4513,-58.404,STEM_CANKER,LOW
479,2019,2019-02-15,corn,17,-38.4513,-58.404,HEAD_ROT,LOW
480,2019,2019-02-22,soybean,16,-38.3019,-58.5926,STEM_CANKER,LOW
481,2019,2019-02-22,soybean,16,-38.3019,-58.5926,HEAD_ROT,ABSENT
482,2019,2019-02-22,corn,17,-38.3601,-58.6387,STEM_CANKER,LOW
483,2019,2019-02-22,corn,17,-38.3601,-58.6387,HEAD_ROT,ABSENT
484,2020,2020-01-28,sunflower,14,-36.23,-63.1477,STEM_CANKER,ABSENT
485,2020,2020-01-28,sunflower,14,-36.23,-63.1477,HEAD_ROT,ABSENT
486,2020,2020-01-28,wheat,15,-36.3352,-63.0248,HEAD_ROT,ABSENT
487,2020,2020-01-28,wheat,15,-36.3352,-63.0248,STEM_CANKER,ABSENT
488,2020,2020-01-28,wheat,15,-36.4495,-62.5252,STEM_CANKER,ABSENT
489,2020,2020-01-28,wheat,15,-36.4495,-62.5252,HEAD_ROT,ABSENT
490,2020,2020-01-28,corn,16,-36.9536,-62.6441,STEM_CANKER,ABSENT
491,2020,2020-01-28,corn,16,-36.9536,-62.6441,HEAD_ROT,ABSENT
492,2020,2020-01-29,corn,14,-37.3,-62.2369,STEM_CANKER,ABSENT
493,2020,2020-01-29,corn,14,-37.3,-62.2369,HEAD_ROT,ABSENT
494,2020,2020-01-29,wheat,16,-37.4226,-62.0502,STEM_CANKER,ABSENT
495,2020,2020-01-29,wheat,16,-37.4226,-62.0502,HEAD_ROT,ABSENT
496,2020,2020-01-29,barley,15,-37.4227,-61.8637,STEM_CANKER,ABSENT
497,2020,2020-01-29,barley,15,-37.4227,-61.8637,HEAD_ROT,ABSENT
498,2020,2020-01-29,wheat,15,-37.6636,-61.9028,STEM_CANKER,ABSENT
499,2020,2020-01-29,wheat,15,-37.6636,-61.9028,HEAD_ROT,ABSENT
500,2020,2020-01-30,wheat,14,-38.1611,-61.5647,STEM_CANKER,ABSENT
501,2020,2020-01-30,wheat,14,-38.1611,-61.5647,HEAD_ROT,ABSENT
502,2020,2020-01-30,corn,14,-38.5372,-60.7344,STEM_CANKER,ABSENT
503,2020,2020-01-30,corn,14,-38.5372,-60.7344,HEAD_ROT,ABSENT
504,2020,2020-01-30,wheat,16,-38.5653,-59.9334,STEM_CANKER,ABSENT
505,2020,2020-01-30,wheat,16,-38.5653,-59.9334,HEAD_ROT,ABSENT
506,2020,2020-01-30,corn,15,-38.7425,-59.6139,STEM_CANKER,ABSENT
507,2020,2020-01-30,corn,15,-38.7425,-59.6139,HEAD_ROT,ABSENT
508,2020,2020-02-20,wheat,17,-38.2435,-58.1038,STEM_CANKER,ABSENT
509,2020,2020-02-20,wheat,17,-38.2435,-58.1038,HEAD_ROT,ABSENT
510,2020,2020-02-20,corn,16,-38.2905,-58.2,STEM_CANKER,ABSENT
511,2020,2020-02-20,corn,16,-38.2905,-58.2,HEAD_ROT,ABSENT
512,2020,2020-02-20,wheat,17,-38.3,-58.2529,STEM_CANKER,ABSENT
513,2020,2020-02-20,wheat,17,-38.3,-58.2529,HEAD_ROT,LOW
514,2020,2020-02-20,wheat,16,-38.3459,-58.6889,STEM_CANKER,LOW
515,2020,2020-02-20,wheat,16,-38.3459,-58.6889,HEAD_ROT,LOW
516,2020,2020-02-20,wheat,17,-38.4311,-58.4713,HEAD_ROT,ABSENT
517,2020,2020-02-20,wheat,17,-38.4311,-58.4713,STEM_CANKER,MEDIUM
518,2020,2020-02-20,corn,16,-38.4557,-58.7703,STEM_CANKER,LOW
519,2020,2020-02-20,corn,16,-38.4557,-58.7703,HEAD_ROT,LOW
520,2020,2020-02-20,corn,17,-38.5313,-58.8548,STEM_CANKER,HIGH
521,2020,2020-02-20,corn,17,-38.5313,-58.8548,HEAD_ROT,HIGH
522,2020,2020-02-20,corn,17,-38.5626,-58.9157,STEM_CANKER,MEDIUM
523,2020,2020-02-20,corn,17,-38.5626,-58.9157,HEAD_ROT,HIGH
524,2021,2021-02-08,soybean,17,-36.7463,-62.1835,STEM_CANKER,ABSENT
525,2021,2021-02-08,soybean,17,-36.7463,-62.1835,HEAD_ROT,ABSENT
526,2021,2021-02-08,wheat,16,-37.1904,-62.6394,STEM_CANKER,ABSENT
527,2021,2021-02-08,wheat,16,-37.1904,-62.6394,HEAD_ROT,ABSENT
528,2021,2021-02-08,corn,16,-37.2463,-62.5968,STEM_CANKER,ABSENT
529,2021,2021-02-08,corn,16,-37.2463,-62.5968,HEAD_ROT,ABSENT
530,2021,2021-02-08,soybean,16,-37.4261,-61.8641,STEM_CANKER,MEDIUM
531,2021,2021-02-08,soybean,16,-37.4261,-61.8641,HEAD_ROT,MEDIUM
532,2021,2021-02-08,wheat,17,-37.8794,-62.7217,HEAD_ROT,ABSENT
533,2021,2021-02-08,wheat,17,-37.8794,-62.7217,STEM_CANKER,ABSENT
534,2021,2021-02-09,sorghum,15,-37.2433,-62.5959,STEM_CANKER,ABSENT
535,2021,2021-02-09,sorghum,15,-37.2433,-62.5959,HEAD_ROT,ABSENT
536,2021,2021-02-09,corn,15,-37.7967,-58.2881,STEM_CANKER,ABSENT
537,2021,2021-02-09,corn,15,-37.7967,-58.2881,HEAD_ROT,ABSENT
538,2021,2021-02-09,sorghum,15,-37.7972,-61.6861,STEM_CANKER,LOW
539,2021,2021-02-09,sorghum,15,-37.7972,-61.6861,HEAD_ROT,MEDIUM
540,2021,2021-02-09,wheat,15,-37.9015,-58.244,STEM_CANKER,ABSENT
541,2021,2021-02-09,wheat,15,-37.9015,-58.244,HEAD_ROT,ABSENT
542,2021,2021-02-11,wheat,17,-37.4158,-58.9697,STEM_CANKER,ABSENT
543,2021,2021-02-11,wheat,17,-37.4158,-58.9697,HEAD_ROT,ABSENT
544,2021,2021-02-11,barley,17,-37.61,-58.6413,STEM_CANKER,ABSENT
545,2021,2021-02-11,barley,17,-37.61,-58.6413,HEAD_ROT,ABSENT
546,2021,2021-02-11,sorghum,16,-37.6653,-58.5497,HEAD_ROT,ABSENT
547,2021,2021-02-11,sorghum,16,-37.6653,-58.5497,STEM_CANKER,ABSENT
548,2021,2021-02-11,wheat,17,-37.6698,-58.516,STEM_CANKER,MEDIUM
549,2021,2021-02-11,wheat,17,-37.6698,-58.516,HEAD_ROT,ABSENT
550,2021,2021-02-11,corn,18,-38.0957,-58.3026,STEM_CANKER,ABSENT
551,2021,2021-02-11,corn,18,-38.0957,-58.3026,HEAD_ROT,ABSENT
552,2021,2021-02-11,soybean,16,-38.152,-57.9891,STEM_CANKER,LOW
553,2021,2021-02-11,soybean,16,-38.152,-57.9891,HEAD_ROT,MEDIUM
554,2021,2021-02-11,corn,16,-38.2007,-58.0365,STEM_CANKER,ABSENT
555,2021,2021-02-11,corn,16,-38.2007,-58.0365,HEAD_ROT,LOW
556,2021,2021-02-11,corn,16,-38.2013,-58.0448,STEM_CANKER,ABSENT
557,2021,2021-02-11,corn,16,-38.2013,-58.0448,HEAD_ROT,ABSENT
558,2021,2021-02-11,wheat,16,-38.2082,-58.1187,STEM_CANKER,ABSENT
559,2021,2021-02-11,wheat,16,-38.2082,-58.1187,HEAD_ROT,ABSENT
560,2021,2021-02-11,wheat,16,-38.3453,-58.3658,STEM_CANKER,LOW
561,2021,2021-02-11,wheat,16,-38.3453,-58.3658,HEAD_ROT,LOW
562,2021,2021-02-11,corn,16,-38.4335,-58.4788,HEAD_ROT,MEDIUM
563,2021,2021-02-11,corn,16,-38.4335,-58.4788,STEM_CANKER,ABSENT
564,2021,2021-02-11,soybean,17,-38.4628,-58.6562,HEAD_ROT,MEDIUM
565,2021,2021-02-11,soybean,17,-38.4628,-58.6562,STEM_CANKER,MEDIUM
566,2021,2021-02-11,wheat,16,-38.5158,-58.6502,STEM_CANKER,ABSENT
567,2021,2021-02-11,wheat,16,-38.5158,-58.6502,HEAD_ROT,LOW
568,2021,2021-02-11,sorghum,16,-38.5331,-58.7823,STEM_CANKER,ABSENT
569,2021,2021-02-11,sorghum,16,-38.5331,-58.7823,HEAD_ROT,ABSENT
570,2021,2021-02-11,corn,17,-38.5356,-58.9167,STEM_CANKER,LOW
571,2021,2021-02-11,corn,17,-38.5356,-58.9167,HEAD_ROT,MEDIUM
572,2021,2021-02-12,sorghum,16,-36.786,-62.231,STEM_CANKER,ABSENT
573,2021,2021-02-12,sorghum,16,-36.786,-62.231,HEAD_ROT,LOW
574,2021,2021-02-12,corn,17,-37.3488,-58.9421,STEM_CANKER,ABSENT
575,2021,2021-02-12,corn,17,-37.3488,-58.9421,HEAD_ROT,ABSENT
576,2021,2021-02-12,corn,17,-37.3622,-59.0186,STEM_CANKER,ABSENT
577,2021,2021-02-12,corn,17,-37.3622,-59.0186,HEAD_ROT,ABSENT
578,2021,2021-02-12,corn,16,-37.4087,-59.1482,STEM_CANKER,ABSENT
579,2021,2021-02-12,corn,16,-37.4087,-59.1482,HEAD_ROT,ABSENT
580,2021,2021-02-12,sorghum,16,-37.4589,-58.9276,STEM_CANKER,MEDIUM
581,2021,2021-02-12,sorghum,16,-37.4589,-58.9276,HEAD_ROT,LOW
582,2021,2021-02-12,corn,17,-37.4687,-59.3012,HEAD_ROT,MEDIUM
583,2021,2021-02-12,corn,17,-37.4687,-59.3012,STEM_CANKER,ABSENT
584,2021,2021-02-12,sorghum,17,-37.4956,-58.8775,STEM_CANKER,ABSENT
585,2021,2021-02-12,sorghum,17,-37.4956,-58.8775,HEAD_ROT,LOW
586,2021,2021-02-12,sorghum,15,-37.6478,-58.7322,STEM_CANKER,ABSENT
587,2021,2021-02-12,sorghum,15,-37.6478,-58.7322,HEAD_ROT,LOW
588,2021,2021-02-12,sorghum,16,-37.657,-58.4461,STEM_CANKER,ABSENT
589,2021,2021-02-12,sorghum,16,-37.657,-58.4461,HEAD_ROT,ABSENT
590,2021,2021-02-12,sorghum,16,-37.7381,-58.3524,HEAD_ROT,LOW
591,2021,2021-02-12,sorghum,16,-37.7381,-58.3524,STEM_CANKER,ABSENT
592,2021,2021-02-12,sorghum,16,-37.7499,-58.6121,STEM_CANKER,ABSENT
593,2021,2021-02-12,sorghum,16,-37.7499,-58.6121,HEAD_ROT,LOW
594,2021,2021-02-12,sorghum,16,-37.7525,-58.7578,STEM_CANKER,ABSENT
595,2021,2021-02-12,sorghum,16,-37.7525,-58.7578,HEAD_ROT,LOW
596,2021,2021-02-12,sorghum,16,-37.7609,-58.6185,STEM_CANKER,ABSENT
597,2021,2021-02-12,sorghum,16,-37.7609,-58.6185,HEAD_ROT,LOW
598,2021,2021-02-12,sorghum,16,-37.8148,-58.5106,STEM_CANKER,ABSENT
599,2021,2021-02-12,sorghum,16,-37.8148,-58.5106,HEAD_ROT,LOW
600,2021,2021-02-12,sorghum,16,-37.8235,-58.516,STEM_CANKER,ABSENT
601,2021,2021-02-12,sorghum,16,-37.8235,-58.516,HEAD_ROT,LOW
602,2021,2021-02-12,sorghum,16,-37.8633,-58.7185,STEM_CANKER,ABSENT
603,2021,2021-02-12,sorghum,16,-37.8633,-58.7185,HEAD_ROT,MEDIUM
604,2021,2021-02-12,sorghum,16,-37.8698,-58.7106,STEM_CANKER,ABSENT
605,2021,2021-02-12,sorghum,16,-37.8698,-58.7106,HEAD_ROT,MEDIUM
606,2021,2021-02-12,wheat,17,-37.525,-59.4269,STEM_CANKER,NO_REGISTER
607,2021,2021-02-12,wheat,17,-37.525,-59.4269,HEAD_ROT,LOW
608,2021,2021-02-12,sorghum,16,-38.2019,-59.5547,STEM_CANKER,ABSENT
609,2021,2021-02-12,sorghum,16,-38.2019,-59.5547,HEAD_ROT,LOW
610,2021,2021-02-12,sorghum,16,-38.2778,-58.1817,STEM_CANKER,ABSENT
611,2021,2021-02-12,sorghum,16,-38.2778,-58.1817,HEAD_ROT,ABSENT
612,2021,2021-02-12,sorghum,17,-38.3143,-58.9813,STEM_CANKER,ABSENT
613,2021,2021-02-12,sorghum,17,-38.3143,-58.9813,HEAD_ROT,HIGH
614,2021,2021-02-12,soybean,16,-38.3245,-59.0214,STEM_CANKER,ABSENT
615,2021,2021-02-12,soybean,16,-38.3245,-59.0214,HEAD_ROT,HIGH
616,2021,2021-02-12,sorghum,16,-38.414,-58.4435,STEM_CANKER,ABSENT
617,2021,2021-02-12,sorghum,16,-38.414,-58.4435,HEAD_ROT,LOW
618,2021,2021-02-12,sorghum,16,-38.4533,-58.6597,STEM_CANKER,ABSENT
619,2021,2021-02-12,sorghum,16,-38.4533,-58.6597,HEAD_ROT,MEDIUM
620,2021,2021-02-12,sorghum,15,-38.4907,-59.1763,STEM_CANKER,ABSENT
621,2021,2021-02-12,sorghum,15,-38.4907,-59.1763,HEAD_ROT,LOW
622,2021,2021-02-12,sorghum,15,-38.4982,-59.1668,STEM_CANKER,ABSENT
623,2021,2021-02-12,sorghum,15,-38.4982,-59.1668,HEAD_ROT,ABSENT
624,2021,2021-02-12,corn,17,-38.4997,-58.6259,STEM_CANKER,ABSENT
625,2021,2021-02-12,corn,17,-38.4997,-58.6259,HEAD_ROT,MEDIUM
626,2021,2021-02-12,sorghum,18,-38.5039,-58.6248,STEM_CANKER,ABSENT
627,2021,2021-02-12,sorghum,18,-38.5039,-58.6248,HEAD_ROT,MEDIUM
628,2021,2021-02-12,sorghum,16,-38.512,-59.1673,STEM_CANKER,ABSENT
629,2021,2021-02-12,sorghum,16,-38.512,-59.1673,HEAD_ROT,LOW
630,2021,2021-02-12,sorghum,17,-38.513,-58.6435,STEM_CANKER,ABSENT
631,2021,2021-02-12,sorghum,17,-38.513,-58.6435,HEAD_ROT,ABSENT
632,2021,2021-02-12,sorghum,17,-38.5288,-59.004,STEM_CANKER,ABSENT
633,2021,2021-02-12,sorghum,17,-38.5288,-59.004,HEAD_ROT,HIGH
634,2021,2021-02-12,sorghum,16,-38.5348,-59.2175,STEM_CANKER,ABSENT
635,2021,2021-02-12,sorghum,16,-38.5348,-59.2175,HEAD_ROT,LOW
636,2021,2021-02-12,sorghum,18,-38.5381,-58.9134,STEM_CANKER,LOW
637,2021,2021-02-12,sorghum,18,-38.5381,-58.9134,HEAD_ROT,MEDIUM
638,2021,2021-02-12,sorghum,16,-38.5425,-58.9164,STEM_CANKER,LOW
639,2021,2021-02-12,sorghum,16,-38.5425,-58.9164,HEAD_ROT,HIGH
640,2021,2021-02-12,sorghum,16,-38.609,-60.0518,STEM_CANKER,ABSENT
641,2021,2021-02-12,sorghum,16,-38.609,-60.0518,HEAD_ROT,HIGH
642,2021,2021-02-12,sorghum,16,-38.6195,-59.9531,STEM_CANKER,ABSENT
643,2021,2021-02-12,sorghum,16,-38.6195,-59.9531,HEAD_ROT,HIGH
644,2021,2021-02-12,sorghum,16,-38.6198,-60.0854,STEM_CANKER,ABSENT
645,2021,2021-02-12,sorghum,16,-38.6198,-60.0854,HEAD_ROT,MEDIUM
646,2021,2021-02-14,corn,17,-37.6145,-58.0236,STEM_CANKER,LOW
647,2021,2021-02-14,corn,17,-37.6145,-58.0236,HEAD_ROT,ABSENT
648,2021,2021-02-14,corn,17,-37.6191,-58.046,STEM_CANKER,ABSENT
649,2021,2021-02-14,corn,17,-37.6191,-58.046,HEAD_ROT,ABSENT
650,2021,2021-02-14,corn,17,-37.7186,-58.1077,STEM_CANKER,ABSENT
651,2021,2021-02-14,corn,17,-37.7186,-58.1077,HEAD_ROT,ABSENT
652,2021,2021-02-14,corn,17,-37.7308,-58.1151,STEM_CANKER,LOW
653,2021,2021-02-14,corn,17,-37.7308,-58.1151,HEAD_ROT,ABSENT
654,2021,2021-02-14,corn,17,-37.7786,-58.1711,STEM_CANKER,ABSENT
655,2021,2021-02-14,corn,17,-37.7786,-58.1711,HEAD_ROT,ABSENT
656,2021,2021-02-16,sorghum,17,-37.6694,-58.5161,HEAD_ROT,MEDIUM
657,2021,2021-02-16,sorghum,17,-37.6694,-58.5161,STEM_CANKER,ABSENT
658,2021,2021-02-22,wheat,16,-37.8121,-58.2693,STEM_CANKER,NO_REGISTER
659,2021,2021-02-22,wheat,16,-37.8121,-58.2693,HEAD_ROT,MEDIUM
660,2021,2021-02-23,corn,17,-37.4661,-59.1729,STEM_CANKER,ABSENT
661,2021,2021-02-23,corn,17,-37.4661,-59.1729,HEAD_ROT,ABSENT
662,2021,2021-02-23,corn,17,-37.4741,-59.3219,STEM_CANKER,ABSENT
663,2021,2021-02-23,corn,17,-37.4741,-59.3219,HEAD_ROT,ABSENT
664,2021,2021-02-23,wheat,17,-37.5453,-59.656,STEM_CANKER,ABSENT
665,2021,2021-02-23,wheat,17,-37.5453,-59.656,HEAD_ROT,LOW
666,2021,2021-02-23,wheat,17,-37.5743,-59.1911,STEM_CANKER,ABSENT
667,2021,2021-02-23,wheat,17,-37.5743,-59.1911,HEAD_ROT,MEDIUM
668,2021,2021-02-23,corn,17,-37.6476,-58.7325,STEM_CANKER,ABSENT
669,2021,2021-02-23,corn,17,-37.6476,-58.7325,HEAD_ROT,LOW
670,2021,2021-02-23,wheat,17,-37.6605,-58.7357,STEM_CANKER,LOW
671,2021,2021-02-23,wheat,17,-37.6605,-58.7357,HEAD_ROT,HIGH
672,2021,2021-02-23,corn,17,-37.67,-59.1668,STEM_CANKER,ABSENT
673,2021,2021-02-23,corn,17,-37.67,-59.1668,HEAD_ROT,LOW
674,2021,2021-02-23,wheat,17,-37.7252,-58.7365,STEM_CANKER,LOW
675,2021,2021-02-23,wheat,17,-37.7252,-58.7365,HEAD_ROT,HIGH
676,2021,2021-02-23,corn,17,-37.7559,-58.7711,STEM_CANKER,LOW
677,2021,2021-02-23,corn,17,-37.7559,-58.7711,HEAD_ROT,HIGH
678,2021,2021-02-23,corn,17,-37.76,-59.0569,STEM_CANKER,ABSENT
679,2021,2021-02-23,corn,17,-37.76,-59.0569,HEAD_ROT,HIGH
680,2021,2021-02-23,wheat,17,-37.8011,-58.9862,STEM_CANKER,ABSENT
681,2021,2021-02-23,wheat,17,-37.8011,-58.9862,HEAD_ROT,LOW
682,2021,2021-02-23,corn,17,-37.8319,-58.9077,STEM_CANKER,NO_REGISTER
683,2021,2021-02-23,corn,17,-37.8319,-58.9077,HEAD_ROT,MEDIUM
684,2021,2021-02-24,corn,17,-38.3853,-60.0972,STEM_CANKER,LOW
685,2021,2021-02-24,corn,17,-38.3853,-60.0972,HEAD_ROT,LOW
686,2021,2021-02-24,corn,17,-38.4511,-60.0625,STEM_CANKER,LOW
687,2021,2021-02-24,corn,17,-38.4511,-60.0625,HEAD_ROT,HIGH
688,2021,2021-02-24,corn,17,-38.4997,-59.7637,STEM_CANKER,LOW
689,2021,2021-02-24,corn,17,-38.4997,-59.7637,HEAD_ROT,MEDIUM
690,2021,2021-02-26,sorghum,18,-37.4478,-59.1092,STEM_CANKER,LOW
691,2021,2021-02-26,sorghum,18,-37.4478,-59.1092,HEAD_ROT,LOW
692,2021,2021-02-26,wheat,17,-37.8456,-58.1793,STEM_CANKER,ABSENT
693,2021,2021-02-26,wheat,17,-37.8456,-58.1793,HEAD_ROT,ABSENT
694,2021,2021-02-26,corn,17,-37.8578,-58.0009,HEAD_ROT,LOW
695,2021,2021-02-26,corn,17,-37.8578,-58.0009,STEM_CANKER,ABSENT
696,2021,2021-02-26,wheat,17,-37.8842,-57.8783,HEAD_ROT,LOW
697,2021,2021-02-26,wheat,17,-37.8842,-57.8783,STEM_CANKER,ABSENT
698,2021,2021-02-26,corn,17,-37.9548,-58.3828,STEM_CANKER,NO_REGISTER
699,2021,2021-02-26,corn,17,-37.9548,-58.3828,HEAD_ROT,ABSENT
700,2021,2021-02-26,wheat,17,-37.987,-58.3901,STEM_CANKER,ABSENT
701,2021,2021-02-26,wheat,17,-37.987,-58.3901,HEAD_ROT,LOW
702,2021,2021-02-26,corn,17,-38.0111,-57.7766,STEM_CANKER,ABSENT
703,2021,2021-02-26,corn,17,-38.0111,-57.7766,HEAD_ROT,HIGH
704,2021,2021-02-26,corn,17,-38.012,-57.6406,STEM_CANKER,ABSENT
705,2021,2021-02-26,corn,17,-38.012,-57.6406,HEAD_ROT,ABSENT
706,2021,2021-02-26,corn,17,-38.0827,-57.8658,STEM_CANKER,ABSENT
707,2021,2021-02-26,corn,17,-38.0827,-57.8658,HEAD_ROT,HIGH
708,2021,2021-02-26,corn,17,-38.1352,-58.2495,STEM_CANKER,ABSENT
709,2021,2021-02-26,corn,17,-38.1352,-58.2495,HEAD_ROT,ABSENT
710,2021,2021-02-26,corn,17,-38.1399,-57.9479,STEM_CANKER,MEDIUM
711,2021,2021-02-26,corn,17,-38.1399,-57.9479,HEAD_ROT,LOW
712,2021,2021-02-26,wheat,17,-38.1945,-58.1493,STEM_CANKER,ABSENT
713,2021,2021-02-26,wheat,17,-38.1945,-58.1493,HEAD_ROT,MEDIUM
714,2021,2021-02-26,corn,17,-38.2246,-57.8953,STEM_CANKER,ABSENT
715,2021,2021-02-26,corn,17,-38.2246,-57.8953,HEAD_ROT,ABSENT
